date,Total cases and total deaths (M),Symbol
2020/1/1,0,total cases
2020/1/1,0,total deaths
2020/1/1,0,total recovered
2020/1/2,0,total cases
2020/1/2,0,total deaths
2020/1/2,0,total recovered
2020/1/3,0,total cases
2020/1/3,0,total deaths
2020/1/3,0,total recovered
2020/1/4,0,total cases
2020/1/4,0,total deaths
2020/1/4,0,total recovered
2020/1/5,0,total cases
2020/1/5,0,total deaths
2020/1/5,0,total recovered
2020/1/6,0,total cases
2020/1/6,0,total deaths
2020/1/6,0,total recovered
2020/1/7,0,total cases
2020/1/7,0,total deaths
2020/1/7,0,total recovered
2020/1/8,0,total cases
2020/1/8,0,total deaths
2020/1/8,0,total recovered
2020/1/9,0,total cases
2020/1/9,0,total deaths
2020/1/9,0,total recovered
2020/1/10,0,total cases
2020/1/10,0,total deaths
2020/1/10,0,total recovered
2020/1/11,0,total cases
2020/1/11,0,total deaths
2020/1/11,0,total recovered
2020/1/12,0,total cases
2020/1/12,0,total deaths
2020/1/12,0,total recovered
2020/1/13,0,total cases
2020/1/13,0,total deaths
2020/1/13,0,total recovered
2020/1/14,0,total cases
2020/1/14,0,total deaths
2020/1/14,0,total recovered
2020/1/15,0,total cases
2020/1/15,0,total deaths
2020/1/15,0,total recovered
2020/1/16,0,total cases
2020/1/16,0,total deaths
2020/1/16,0,total recovered
2020/1/17,0,total cases
2020/1/17,0,total deaths
2020/1/17,0,total recovered
2020/1/18,0,total cases
2020/1/18,0,total deaths
2020/1/18,0,total recovered
2020/1/19,0,total cases
2020/1/19,0,total deaths
2020/1/19,0,total recovered
2020/1/20,0,total cases
2020/1/20,0,total deaths
2020/1/20,0,total recovered
2020/1/21,0,total cases
2020/1/21,0,total deaths
2020/1/21,0,total recovered
2020/1/22,555,total cases
2020/1/22,17,total deaths
2020/1/22,30,total recovered
2020/1/23,654,total cases
2020/1/23,18,total deaths
2020/1/23,32,total recovered
2020/1/24,941,total cases
2020/1/24,26,total deaths
2020/1/24,39,total recovered
2020/1/25,1434,total cases
2020/1/25,42,total deaths
2020/1/25,42,total recovered
2020/1/26,2118,total cases
2020/1/26,56,total deaths
2020/1/26,56,total recovered
2020/1/27,2927,total cases
2020/1/27,82,total deaths
2020/1/27,65,total recovered
2020/1/28,5578,total cases
2020/1/28,131,total deaths
2020/1/28,108,total recovered
2020/1/29,6167,total cases
2020/1/29,133,total deaths
2020/1/29,127,total recovered
2020/1/30,8235,total cases
2020/1/30,171,total deaths
2020/1/30,145,total recovered
2020/1/31,9927,total cases
2020/1/31,213,total deaths
2020/1/31,225,total recovered
2020/2/1,12038,total cases
2020/2/1,259,total deaths
2020/2/1,287,total recovered
2020/2/2,16787,total cases
2020/2/2,362,total deaths
2020/2/2,476,total recovered
2020/2/3,19887,total cases
2020/2/3,426,total deaths
2020/2/3,627,total recovered
2020/2/4,23898,total cases
2020/2/4,492,total deaths
2020/2/4,857,total recovered
2020/2/5,27643,total cases
2020/2/5,564,total deaths
2020/2/5,1129,total recovered
2020/2/6,30803,total cases
2020/2/6,634,total deaths
2020/2/6,1492,total recovered
2020/2/7,34396,total cases
2020/2/7,719,total deaths
2020/2/7,2016,total recovered
2020/2/8,37130,total cases
2020/2/8,806,total deaths
2020/2/8,2616,total recovered
2020/2/9,40160,total cases
2020/2/9,906,total deaths
2020/2/9,3245,total recovered
2020/2/10,42769,total cases
2020/2/10,1013,total deaths
2020/2/10,3947,total recovered
2020/2/11,44811,total cases
2020/2/11,1113,total deaths
2020/2/11,4684,total recovered
2020/2/12,45229,total cases
2020/2/12,1118,total deaths
2020/2/12,5151,total recovered
2020/2/13,60382,total cases
2020/2/13,1371,total deaths
2020/2/13,6294,total recovered
2020/2/14,66909,total cases
2020/2/14,1523,total deaths
2020/2/14,8057,total recovered
2020/2/15,69051,total cases
2020/2/15,1666,total deaths
2020/2/15,9396,total recovered
2020/2/16,71235,total cases
2020/2/16,1770,total deaths
2020/2/16,10866,total recovered
2020/2/17,73270,total cases
2020/2/17,1868,total deaths
2020/2/17,12583,total recovered
2020/2/18,75152,total cases
2020/2/18,2008,total deaths
2020/2/18,14352,total recovered
2020/2/19,75652,total cases
2020/2/19,2123,total deaths
2020/2/19,16121,total recovered
2020/2/20,76212,total cases
2020/2/20,2248,total deaths
2020/2/20,18179,total recovered
2020/2/21,76841,total cases
2020/2/21,2252,total deaths
2020/2/21,18892,total recovered
2020/2/22,78602,total cases
2020/2/22,2459,total deaths
2020/2/22,22889,total recovered
2020/2/23,78982,total cases
2020/2/23,2470,total deaths
2020/2/23,23394,total recovered
2020/2/24,79546,total cases
2020/2/24,2630,total deaths
2020/2/24,25227,total recovered
2020/2/25,80399,total cases
2020/2/25,2710,total deaths
2020/2/25,27905,total recovered
2020/2/26,81376,total cases
2020/2/26,2771,total deaths
2020/2/26,30386,total recovered
2020/2/27,82736,total cases
2020/2/27,2814,total deaths
2020/2/27,33278,total recovered
2020/2/28,84123,total cases
2020/2/28,2873,total deaths
2020/2/28,36710,total recovered
2020/2/29,86013,total cases
2020/2/29,2942,total deaths
2020/2/29,39781,total recovered
2020/3/1,88394,total cases
2020/3/1,2996,total deaths
2020/3/1,42717,total recovered
2020/3/2,90377,total cases
2020/3/2,3085,total deaths
2020/3/2,45601,total recovered
2020/3/3,92971,total cases
2020/3/3,3160,total deaths
2020/3/3,48227,total recovered
2020/3/4,95279,total cases
2020/3/4,3255,total deaths
2020/3/4,51169,total recovered
2020/3/5,98090,total cases
2020/3/5,3349,total deaths
2020/3/5,53795,total recovered
2020/3/6,102003,total cases
2020/3/6,3460,total deaths
2020/3/6,55863,total recovered
2020/3/7,106098,total cases
2020/3/7,3564,total deaths
2020/3/7,58357,total recovered
2020/3/8,110047,total cases
2020/3/8,3803,total deaths
2020/3/8,60694,total recovered
2020/3/9,114219,total cases
2020/3/9,3993,total deaths
2020/3/9,62493,total recovered
2020/3/10,119041,total cases
2020/3/10,4267,total deaths
2020/3/10,64400,total recovered
2020/3/11,126702,total cases
2020/3/11,4611,total deaths
2020/3/11,66998,total recovered
2020/3/12,132492,total cases
2020/3/12,4917,total deaths
2020/3/12,68321,total recovered
2020/3/13,146879,total cases
2020/3/13,5414,total deaths
2020/3/13,70248,total recovered
2020/3/14,157952,total cases
2020/3/14,5834,total deaths
2020/3/14,72620,total recovered
2020/3/15,169222,total cases
2020/3/15,6470,total deaths
2020/3/15,76031,total recovered
2020/3/16,184032,total cases
2020/3/16,7153,total deaths
2020/3/16,78086,total recovered
2020/3/17,199976,total cases
2020/3/17,7964,total deaths
2020/3/17,80830,total recovered
2020/3/18,219535,total cases
2020/3/18,8866,total deaths
2020/3/18,83317,total recovered
2020/3/19,246584,total cases
2020/3/19,9978,total deaths
2020/3/19,84958,total recovered
2020/3/20,277361,total cases
2020/3/20,11460,total deaths
2020/3/20,87403,total recovered
2020/3/21,309363,total cases
2020/3/21,13182,total deaths
2020/3/21,91650,total recovered
2020/3/22,344194,total cases
2020/3/22,14857,total deaths
2020/3/22,97867,total recovered
2020/3/23,387045,total cases
2020/3/23,16798,total deaths
2020/3/23,98335,total recovered
2020/3/24,428205,total cases
2020/3/24,19083,total deaths
2020/3/24,107974,total recovered
2020/3/25,479223,total cases
2020/3/25,21882,total deaths
2020/3/25,113753,total recovered
2020/3/26,542053,total cases
2020/3/26,24902,total deaths
2020/3/26,122125,total recovered
2020/3/27,607114,total cases
2020/3/27,28396,total deaths
2020/3/27,130910,total recovered
2020/3/28,674360,total cases
2020/3/28,32112,total deaths
2020/3/28,139421,total recovered
2020/3/29,733612,total cases
2020/3/29,35588,total deaths
2020/3/29,148877,total recovered
2020/3/30,798890,total cases
2020/3/30,39640,total deaths
2020/3/30,164214,total recovered
2020/3/31,875739,total cases
2020/3/31,44389,total deaths
2020/3/31,177804,total recovered
2020/4/1,958601,total cases
2020/4/1,50344,total deaths
2020/4/1,193076,total recovered
2020/4/2,1041662,total cases
2020/4/2,56197,total deaths
2020/4/2,210219,total recovered
2020/4/3,1125086,total cases
2020/4/3,62319,total deaths
2020/4/3,225641,total recovered
2020/4/4,1183501,total cases
2020/4/4,68490,total deaths
2020/4/4,246053,total recovered
2020/4/5,1256089,total cases
2020/4/5,73673,total deaths
2020/4/5,259889,total recovered
2020/4/6,1329228,total cases
2020/4/6,79599,total deaths
2020/4/6,276598,total recovered
2020/4/7,1399055,total cases
2020/4/7,87833,total deaths
2020/4/7,299860,total recovered
2020/4/8,1482433,total cases
2020/4/8,94581,total deaths
2020/4/8,328742,total recovered
2020/4/9,1569454,total cases
2020/4/9,102328,total deaths
2020/4/9,353996,total recovered
2020/4/10,1654968,total cases
2020/4/10,109717,total deaths
2020/4/10,375734,total recovered
2020/4/11,1729309,total cases
2020/4/11,115956,total deaths
2020/4/11,401984,total recovered
2020/4/12,1849041,total cases
2020/4/12,121783,total deaths
2020/4/12,421367,total recovered
2020/4/13,1919797,total cases
2020/4/13,127705,total deaths
2020/4/13,448624,total recovered
2020/4/14,2003732,total cases
2020/4/14,134675,total deaths
2020/4/14,473698,total recovered
2020/4/15,2080830,total cases
2020/4/15,143023,total deaths
2020/4/15,510237,total recovered
2020/4/16,2176408,total cases
2020/4/16,150302,total deaths
2020/4/16,541120,total recovered
2020/4/17,2264120,total cases
2020/4/17,158662,total deaths
2020/4/17,567304,total recovered
2020/4/18,2341473,total cases
2020/4/18,164686,total deaths
2020/4/18,591170,total recovered
2020/4/19,2418166,total cases
2020/4/19,169946,total deaths
2020/4/19,622953,total recovered
2020/4/20,2494115,total cases
2020/4/20,175822,total deaths
2020/4/20,645131,total recovered
2020/4/21,2569728,total cases
2020/4/21,183003,total deaths
2020/4/21,679933,total recovered
2020/4/22,2650749,total cases
2020/4/22,189721,total deaths
2020/4/22,710018,total recovered
2020/4/23,2735103,total cases
2020/4/23,196546,total deaths
2020/4/23,738748,total recovered
2020/4/24,2819191,total cases
2020/4/24,203214,total deaths
2020/4/24,788777,total recovered
2020/4/25,2901458,total cases
2020/4/25,208851,total deaths
2020/4/25,816532,total recovered
2020/4/26,2973163,total cases
2020/4/26,212802,total deaths
2020/4/26,845344,total recovered
2020/4/27,3043202,total cases
2020/4/27,217472,total deaths
2020/4/27,873228,total recovered
2020/4/28,3118508,total cases
2020/4/28,224001,total deaths
2020/4/28,906440,total recovered
2020/4/29,3195544,total cases
2020/4/29,230727,total deaths
2020/4/29,948517,total recovered
2020/4/30,3279073,total cases
2020/4/30,236716,total deaths
2020/4/30,1013633,total recovered
2020/5/1,3367339,total cases
2020/5/1,241871,total deaths
2020/5/1,1051790,total recovered
2020/5/2,3446630,total cases
2020/5/2,247384,total deaths
2020/5/2,1092441,total recovered
2020/5/3,3523175,total cases
2020/5/3,250868,total deaths
2020/5/3,1124974,total recovered
2020/5/4,3600779,total cases
2020/5/4,254974,total deaths
2020/5/4,1159060,total recovered
2020/5/5,3681127,total cases
2020/5/5,260846,total deaths
2020/5/5,1195533,total recovered
2020/5/6,3771007,total cases
2020/5/6,267394,total deaths
2020/5/6,1241652,total recovered
2020/5/7,3859785,total cases
2020/5/7,272685,total deaths
2020/5/7,1281177,total recovered
2020/5/8,3950120,total cases
2020/5/8,278158,total deaths
2020/5/8,1317590,total recovered
2020/5/9,4034910,total cases
2020/5/9,282439,total deaths
2020/5/9,1371031,total recovered
2020/5/10,4110202,total cases
2020/5/10,286043,total deaths
2020/5/10,1404840,total recovered
2020/5/11,4187133,total cases
2020/5/11,289506,total deaths
2020/5/11,1451725,total recovered
2020/5/12,4271251,total cases
2020/5/12,295031,total deaths
2020/5/12,1488767,total recovered
2020/5/13,4356139,total cases
2020/5/13,300101,total deaths
2020/5/13,1544639,total recovered
2020/5/14,4452527,total cases
2020/5/14,305291,total deaths
2020/5/14,1584350,total recovered
2020/5/15,4548277,total cases
2020/5/15,310409,total deaths
2020/5/15,1632453,total recovered
2020/5/16,4643002,total cases
2020/5/16,314683,total deaths
2020/5/16,1688864,total recovered
2020/5/17,4720844,total cases
2020/5/17,317880,total deaths
2020/5/17,1729872,total recovered
2020/5/18,4809885,total cases
2020/5/18,321581,total deaths
2020/5/18,1782788,total recovered
2020/5/19,4906666,total cases
2020/5/19,326272,total deaths
2020/5/19,1834840,total recovered
2020/5/20,5008397,total cases
2020/5/20,331032,total deaths
2020/5/20,1893810,total recovered
2020/5/21,5114997,total cases
2020/5/21,335751,total deaths
2020/5/21,1945030,total recovered
2020/5/22,5221533,total cases
2020/5/22,341018,total deaths
2020/5/22,2053577,total recovered
2020/5/23,5326614,total cases
2020/5/23,344986,total deaths
2020/5/23,2108411,total recovered
2020/5/24,5420782,total cases
2020/5/24,347995,total deaths
2020/5/24,2163938,total recovered
2020/5/25,5507621,total cases
2020/5/25,349194,total deaths
2020/5/25,2227667,total recovered
2020/5/26,5601251,total cases
2020/5/26,353374,total deaths
2020/5/26,2282819,total recovered
2020/5/27,5704043,total cases
2020/5/27,358437,total deaths
2020/5/27,2346146,total recovered
2020/5/28,5822948,total cases
2020/5/28,363053,total deaths
2020/5/28,2413009,total recovered
2020/5/29,5944039,total cases
2020/5/29,367647,total deaths
2020/5/29,2490274,total recovered
2020/5/30,6080995,total cases
2020/5/30,371709,total deaths
2020/5/30,2560724,total recovered
2020/5/31,6187617,total cases
2020/5/31,374692,total deaths
2020/5/31,2637108,total recovered
2020/6/1,6283302,total cases
2020/6/1,377777,total deaths
2020/6/1,2692033,total recovered
2020/6/2,6404720,total cases
2020/6/2,382489,total deaths
2020/6/2,2796145,total recovered
2020/6/3,6519015,total cases
2020/6/3,387924,total deaths
2020/6/3,2875236,total recovered
2020/6/4,6649743,total cases
2020/6/4,393050,total deaths
2020/6/4,2945306,total recovered
2020/6/5,6781099,total cases
2020/6/5,397602,total deaths
2020/6/5,3014471,total recovered
2020/6/6,6915223,total cases
2020/6/6,401455,total deaths
2020/6/6,3086675,total recovered
2020/6/7,7027195,total cases
2020/6/7,404207,total deaths
2020/6/7,3141784,total recovered
2020/6/8,7129785,total cases
2020/6/8,407895,total deaths
2020/6/8,3293395,total recovered
2020/6/9,7254563,total cases
2020/6/9,412720,total deaths
2020/6/9,3375665,total recovered
2020/6/10,7389458,total cases
2020/6/10,417778,total deaths
2020/6/10,3454836,total recovered
2020/6/11,7527334,total cases
2020/6/11,422455,total deaths
2020/6/11,3540715,total recovered
2020/6/12,7655982,total cases
2020/6/12,426668,total deaths
2020/6/12,3620435,total recovered
2020/6/13,7791149,total cases
2020/6/13,430856,total deaths
2020/6/13,3706327,total recovered
2020/6/14,7923625,total cases
2020/6/14,434273,total deaths
2020/6/14,3777146,total recovered
2020/6/15,8043069,total cases
2020/6/15,437692,total deaths
2020/6/15,3857421,total recovered
2020/6/16,8184990,total cases
2020/6/16,444413,total deaths
2020/6/16,3955284,total recovered
2020/6/17,8328152,total cases
2020/6/17,449506,total deaths
2020/6/17,4074115,total recovered
2020/6/18,8468486,total cases
2020/6/18,454471,total deaths
2020/6/18,4155278,total recovered
2020/6/19,8648275,total cases
2020/6/19,460619,total deaths
2020/6/19,4250268,total recovered
2020/6/20,8804913,total cases
2020/6/20,464821,total deaths
2020/6/20,4366122,total recovered
2020/6/21,8932952,total cases
2020/6/21,468831,total deaths
2020/6/21,4434808,total recovered
2020/6/22,9071294,total cases
2020/6/22,472390,total deaths
2020/6/22,4526441,total recovered
2020/6/23,9237176,total cases
2020/6/23,477609,total deaths
2020/6/23,4630496,total recovered
2020/6/24,9408237,total cases
2020/6/24,482785,total deaths
2020/6/24,4746247,total recovered
2020/6/25,9586818,total cases
2020/6/25,487479,total deaths
2020/6/25,4839131,total recovered
2020/6/26,9778118,total cases
2020/6/26,492189,total deaths
2020/6/26,4945111,total recovered
2020/6/27,9955755,total cases
2020/6/27,496669,total deaths
2020/6/27,5051397,total recovered
2020/6/28,10119217,total cases
2020/6/28,499818,total deaths
2020/6/28,5140600,total recovered
2020/6/29,10273694,total cases
2020/6/29,503548,total deaths
2020/6/29,5235171,total recovered
2020/6/30,10447667,total cases
2020/6/30,508481,total deaths
2020/6/30,5352511,total recovered
2020/7/1,10665134,total cases
2020/7/1,513409,total deaths
2020/7/1,5468425,total recovered
2020/7/2,10874057,total cases
2020/7/2,518475,total deaths
2020/7/2,5753359,total recovered
2020/7/3,11075680,total cases
2020/7/3,523410,total deaths
2020/7/3,5863247,total recovered
2020/7/4,11269688,total cases
2020/7/4,527795,total deaths
2020/7/4,6059007,total recovered
2020/7/5,11452930,total cases
2020/7/5,531278,total deaths
2020/7/5,6178370,total recovered
2020/7/6,11617428,total cases
2020/7/6,535115,total deaths
2020/7/6,6302069,total recovered
2020/7/7,11828845,total cases
2020/7/7,541122,total deaths
2020/7/7,6447102,total recovered
2020/7/8,12042625,total cases
2020/7/8,546420,total deaths
2020/7/8,6605158,total recovered
2020/7/9,12269629,total cases
2020/7/9,551800,total deaths
2020/7/9,6739776,total recovered
2020/7/10,12502211,total cases
2020/7/10,557086,total deaths
2020/7/10,6879222,total recovered
2020/7/11,12719735,total cases
2020/7/11,561896,total deaths
2020/7/11,7004914,total recovered
2020/7/12,12912321,total cases
2020/7/12,565887,total deaths
2020/7/12,7116750,total recovered
2020/7/13,13103178,total cases
2020/7/13,569780,total deaths
2020/7/13,7257073,total recovered
2020/7/14,13324911,total cases
2020/7/14,575359,total deaths
2020/7/14,7399325,total recovered
2020/7/15,13556384,total cases
2020/7/15,580768,total deaths
2020/7/15,7559131,total recovered
2020/7/16,13808502,total cases
2020/7/16,586540,total deaths
2020/7/16,7711616,total recovered
2020/7/17,14050878,total cases
2020/7/17,593183,total deaths
2020/7/17,7895037,total recovered
2020/7/18,14287228,total cases
2020/7/18,598802,total deaths
2020/7/18,8045824,total recovered
2020/7/19,14500967,total cases
2020/7/19,602877,total deaths
2020/7/19,8133882,total recovered
2020/7/20,14707359,total cases
2020/7/20,607073,total deaths
2020/7/20,8293010,total recovered
2020/7/21,14940469,total cases
2020/7/21,613242,total deaths
2020/7/21,8467706,total recovered
2020/7/22,15221747,total cases
2020/7/22,620161,total deaths
2020/7/22,8647438,total recovered
2020/7/23,15504677,total cases
2020/7/23,630062,total deaths
2020/7/23,8823668,total recovered
2020/7/24,15785888,total cases
2020/7/24,636115,total deaths
2020/7/24,9051968,total recovered
2020/7/25,16040277,total cases
2020/7/25,641645,total deaths
2020/7/25,9271780,total recovered
2020/7/26,16253250,total cases
2020/7/26,645339,total deaths
2020/7/26,9415081,total recovered
2020/7/27,16479069,total cases
2020/7/27,650519,total deaths
2020/7/27,9586464,total recovered
2020/7/28,16731027,total cases
2020/7/28,656806,total deaths
2020/7/28,9756922,total recovered
2020/7/29,17022514,total cases
2020/7/29,663393,total deaths
2020/7/29,9959508,total recovered
2020/7/30,17302946,total cases
2020/7/30,669427,total deaths
2020/7/30,10173027,total recovered
2020/7/31,17593931,total cases
2020/7/31,675634,total deaths
2020/7/31,10372633,total recovered
2020/8/1,17842857,total cases
2020/8/1,681100,total deaths
2020/8/1,10553544,total recovered
2020/8/2,18074408,total cases
2020/8/2,685412,total deaths
2020/8/2,10692268,total recovered
2020/8/3,18280103,total cases
2020/8/3,690075,total deaths
2020/8/3,10914713,total recovered
2020/8/4,18536427,total cases
2020/8/4,696677,total deaths
2020/8/4,11138370,total recovered
2020/8/5,18812950,total cases
2020/8/5,703683,total deaths
2020/8/5,11360065,total recovered
2020/8/6,19098152,total cases
2020/8/6,710145,total deaths
2020/8/6,11548872,total recovered
2020/8/7,19379581,total cases
2020/8/7,716440,total deaths
2020/8/7,11740918,total recovered
2020/8/8,19638069,total cases
2020/8/8,721870,total deaths
2020/8/8,11941162,total recovered
2020/8/9,19863462,total cases
2020/8/9,726447,total deaths
2020/8/9,12119940,total recovered
2020/8/10,20090473,total cases
2020/8/10,731706,total deaths
2020/8/10,12284151,total recovered
2020/8/11,20346972,total cases
2020/8/11,737916,total deaths
2020/8/11,12589219,total recovered
2020/8/12,20624230,total cases
2020/8/12,744515,total deaths
2020/8/12,12829864,total recovered
2020/8/13,20913936,total cases
2020/8/13,750724,total deaths
2020/8/13,12993780,total recovered
2020/8/14,21216955,total cases
2020/8/14,760852,total deaths
2020/8/14,13277022,total recovered
2020/8/15,21464275,total cases
2020/8/15,766240,total deaths
2020/8/15,13445626,total recovered
2020/8/16,21680469,total cases
2020/8/16,770458,total deaths
2020/8/16,13678580,total recovered
2020/8/17,21888348,total cases
2020/8/17,774602,total deaths
2020/8/17,13889592,total recovered
2020/8/18,22146490,total cases
2020/8/18,781489,total deaths
2020/8/18,14117187,total recovered
2020/8/19,22426342,total cases
2020/8/19,788193,total deaths
2020/8/19,14335184,total recovered
2020/8/20,22698858,total cases
2020/8/20,794239,total deaths
2020/8/20,14542974,total recovered
2020/8/21,22959904,total cases
2020/8/21,799675,total deaths
2020/8/21,14711468,total recovered
2020/8/22,23224361,total cases
2020/8/22,805248,total deaths
2020/8/22,14921385,total recovered
2020/8/23,23430769,total cases
2020/8/23,809114,total deaths
2020/8/23,15137916,total recovered
2020/8/24,23655997,total cases
2020/8/24,813597,total deaths
2020/8/24,15337337,total recovered
2020/8/25,23899722,total cases
2020/8/25,819861,total deaths
2020/8/25,15568886,total recovered
2020/8/26,24183850,total cases
2020/8/26,826152,total deaths
2020/8/26,15794620,total recovered
2020/8/27,24467592,total cases
2020/8/27,832035,total deaths
2020/8/27,16001857,total recovered
2020/8/28,24751260,total cases
2020/8/28,837541,total deaths
2020/8/28,16200975,total recovered
2020/8/29,25017791,total cases
2020/8/29,842810,total deaths
2020/8/29,16412388,total recovered
2020/8/30,25239068,total cases
2020/8/30,846844,total deaths
2020/8/30,16622628,total recovered
2020/8/31,25501715,total cases
2020/8/31,851062,total deaths
2020/8/31,16823418,total recovered
2020/9/1,25766467,total cases
2020/9/1,857499,total deaths
2020/9/1,17081380,total recovered
2020/9/2,26049992,total cases
2020/9/2,863577,total deaths
2020/9/2,17300617,total recovered
2020/9/3,26331039,total cases
2020/9/3,869282,total deaths
2020/9/3,17521986,total recovered
2020/9/4,26644864,total cases
2020/9/4,875156,total deaths
2020/9/4,17735487,total recovered
2020/9/5,26914845,total cases
2020/9/5,880106,total deaths
2020/9/5,17936475,total recovered
2020/9/6,27145595,total cases
2020/9/6,883895,total deaths
2020/9/6,18148266,total recovered
2020/9/7,27363369,total cases
2020/9/7,893253,total deaths
2020/9/7,18345814,total recovered
2020/9/8,27605220,total cases
2020/9/8,898164,total deaths
2020/9/8,18547611,total recovered
2020/9/9,27889943,total cases
2020/9/9,904263,total deaths
2020/9/9,18787878,total recovered
2020/9/10,28189890,total cases
2020/9/10,910065,total deaths
2020/9/10,19004539,total recovered
2020/9/11,28510977,total cases
2020/9/11,915946,total deaths
2020/9/11,19228209,total recovered
2020/9/12,28797456,total cases
2020/9/12,920846,total deaths
2020/9/12,19451143,total recovered
2020/9/13,29040262,total cases
2020/9/13,924517,total deaths
2020/9/13,19638991,total recovered
2020/9/14,29303533,total cases
2020/9/14,928933,total deaths
2020/9/14,19867490,total recovered
2020/9/15,29588876,total cases
2020/9/15,935455,total deaths
2020/9/15,20093777,total recovered
2020/9/16,29892950,total cases
2020/9/16,941261,total deaths
2020/9/16,20323254,total recovered
2020/9/17,30207772,total cases
2020/9/17,946732,total deaths
2020/9/17,20543465,total recovered
2020/9/18,30533416,total cases
2020/9/18,952422,total deaths
2020/9/18,20794614,total recovered
2020/9/19,30825596,total cases
2020/9/19,957683,total deaths
2020/9/19,21031599,total recovered
2020/9/20,31077672,total cases
2020/9/20,961408,total deaths
2020/9/20,21268676,total recovered
2020/9/21,31353490,total cases
2020/9/21,965503,total deaths
2020/9/21,21514154,total recovered
2020/9/22,31637545,total cases
2020/9/22,971459,total deaths
2020/9/22,21733547,total recovered
2020/9/23,31912900,total cases
2020/9/23,977093,total deaths
2020/9/23,21996960,total recovered
2020/9/24,32265204,total cases
2020/9/24,983764,total deaths
2020/9/24,22252630,total recovered
2020/9/25,32595593,total cases
2020/9/25,989651,total deaths
2020/9/25,22491838,total recovered
2020/9/26,32883719,total cases
2020/9/26,994981,total deaths
2020/9/26,22753981,total recovered
2020/9/27,33135284,total cases
2020/9/27,998642,total deaths
2020/9/27,22967860,total recovered
2020/9/28,33389254,total cases
2020/9/28,1002584,total deaths
2020/9/28,23190402,total recovered
2020/9/29,33671083,total cases
2020/9/29,1008546,total deaths
2020/9/29,23431686,total recovered
2020/9/30,33999210,total cases
2020/9/30,1014974,total deaths
2020/9/30,23679904,total recovered
2020/10/1,34317276,total cases
2020/10/1,1023674,total deaths
2020/10/1,23901446,total recovered
2020/10/2,34614672,total cases
2020/10/2,1028677,total deaths
2020/10/2,24073731,total recovered
2020/10/3,34946710,total cases
2020/10/3,1034044,total deaths
2020/10/3,24329332,total recovered
2020/10/4,35208617,total cases
2020/10/4,1037856,total deaths
2020/10/4,24551491,total recovered
2020/10/5,35509247,total cases
2020/10/5,1044776,total deaths
2020/10/5,24788959,total recovered
2020/10/6,35835120,total cases
2020/10/6,1050567,total deaths
2020/10/6,25021585,total recovered
2020/10/7,36185785,total cases
2020/10/7,1056399,total deaths
2020/10/7,25276776,total recovered
2020/10/8,36547071,total cases
2020/10/8,1062656,total deaths
2020/10/8,25496282,total recovered
2020/10/9,36907485,total cases
2020/10/9,1068813,total deaths
2020/10/9,25703072,total recovered
2020/10/10,37264050,total cases
2020/10/10,1073669,total deaths
2020/10/10,25898477,total recovered
2020/10/11,37551609,total cases
2020/10/11,1077647,total deaths
2020/10/11,26121117,total recovered
2020/10/12,37842739,total cases
2020/10/12,1081588,total deaths
2020/10/12,26321236,total recovered
2020/10/13,38161563,total cases
2020/10/13,1086862,total deaths
2020/10/13,26513681,total recovered
2020/10/14,38543448,total cases
2020/10/14,1092921,total deaths
2020/10/14,26725966,total recovered
2020/10/15,38950083,total cases
2020/10/15,1099017,total deaths
2020/10/15,26933293,total recovered
2020/10/16,39361310,total cases
2020/10/16,1105159,total deaths
2020/10/16,27136307,total recovered
2020/10/17,39733921,total cases
2020/10/17,1110742,total deaths
2020/10/17,27334590,total recovered
2020/10/18,40050552,total cases
2020/10/18,1114244,total deaths
2020/10/18,27536101,total recovered
2020/10/19,40436980,total cases
2020/10/19,1119042,total deaths
2020/10/19,27738632,total recovered
2020/10/20,40825619,total cases
2020/10/20,1125593,total deaths
2020/10/20,27950079,total recovered
2020/10/21,41269869,total cases
2020/10/21,1132261,total deaths
2020/10/21,28161301,total recovered
2020/10/22,41742073,total cases
2020/10/22,1138148,total deaths
2020/10/22,28388094,total recovered
2020/10/23,42238234,total cases
2020/10/23,1145099,total deaths
2020/10/23,28594828,total recovered
2020/10/24,42694987,total cases
2020/10/24,1150925,total deaths
2020/10/24,28806409,total recovered
2020/10/25,43055358,total cases
2020/10/25,1155065,total deaths
2020/10/25,29003667,total recovered
2020/10/26,43541356,total cases
2020/10/26,1160533,total deaths
2020/10/26,29242802,total recovered
2020/10/27,44010608,total cases
2020/10/27,1167903,total deaths
2020/10/27,29832507,total recovered
2020/10/28,44521391,total cases
2020/10/28,1175040,total deaths
2020/10/28,30098469,total recovered
2020/10/29,45071405,total cases
2020/10/29,1182095,total deaths
2020/10/29,30345220,total recovered
2020/10/30,45641595,total cases
2020/10/30,1189658,total deaths
2020/10/30,30600994,total recovered
2020/10/31,46117683,total cases
2020/10/31,1196209,total deaths
2020/10/31,30845323,total recovered
2020/11/1,46579884,total cases
2020/11/1,1201152,total deaths
2020/11/1,31103270,total recovered
2020/11/2,47140871,total cases
2020/11/2,1207222,total deaths
2020/11/2,31383407,total recovered
2020/11/3,47693426,total cases
2020/11/3,1216564,total deaths
2020/11/3,31634980,total recovered
2020/11/4,48203697,total cases
2020/11/4,1226752,total deaths
2020/11/4,31914299,total recovered
2020/11/5,48799240,total cases
2020/11/5,1234763,total deaths
2020/11/5,32217954,total recovered
2020/11/6,49442915,total cases
2020/11/6,1244381,total deaths
2020/11/6,32506315,total recovered
2020/11/7,50040908,total cases
2020/11/7,1251920,total deaths
2020/11/7,32805331,total recovered
2020/11/8,50520274,total cases
2020/11/8,1257688,total deaths
2020/11/8,33058571,total recovered
2020/11/9,51022748,total cases
2020/11/9,1264797,total deaths
2020/11/9,33315624,total recovered
2020/11/10,51580637,total cases
2020/11/10,1274783,total deaths
2020/11/10,33572984,total recovered
2020/11/11,52228245,total cases
2020/11/11,1285187,total deaths
2020/11/11,33953208,total recovered
2020/11/12,52875710,total cases
2020/11/12,1294946,total deaths
2020/11/12,34179447,total recovered
2020/11/13,53526599,total cases
2020/11/13,1304504,total deaths
2020/11/13,34481579,total recovered
2020/11/14,54121862,total cases
2020/11/14,1313512,total deaths
2020/11/14,34759398,total recovered
2020/11/15,54596104,total cases
2020/11/15,1319790,total deaths
2020/11/15,34990158,total recovered
2020/11/16,55127112,total cases
2020/11/16,1327640,total deaths
2020/11/16,35380888,total recovered
2020/11/17,55734998,total cases
2020/11/17,1338726,total deaths
2020/11/17,35814479,total recovered
2020/11/18,56361057,total cases
2020/11/18,1350039,total deaths
2020/11/18,36177589,total recovered
2020/11/19,57012958,total cases
2020/11/19,1360998,total deaths
2020/11/19,36551888,total recovered
2020/11/20,57680030,total cases
2020/11/20,1372825,total deaths
2020/11/20,36907312,total recovered
2020/11/21,58268894,total cases
2020/11/21,1381629,total deaths
2020/11/21,37246582,total recovered
2020/11/22,58757253,total cases
2020/11/22,1388685,total deaths
2020/11/22,37520306,total recovered
2020/11/23,59276210,total cases
2020/11/23,1397003,total deaths
2020/11/23,37931519,total recovered
2020/11/24,59865574,total cases
2020/11/24,1409759,total deaths
2020/11/24,38303698,total recovered
2020/11/25,60501579,total cases
2020/11/25,1421822,total deaths
2020/11/25,38741108,total recovered
2020/11/26,61086011,total cases
2020/11/26,1432564,total deaths
2020/11/26,39107984,total recovered
2020/11/27,61757100,total cases
2020/11/27,1443210,total deaths
2020/11/27,39489610,total recovered
2020/11/28,62355818,total cases
2020/11/28,1452974,total deaths
2020/11/28,39849316,total recovered
2020/11/29,62842162,total cases
2020/11/29,1459909,total deaths
2020/11/29,40167599,total recovered
2020/11/30,63347635,total cases
2020/11/30,1468577,total deaths
2020/11/30,40569855,total recovered
2020/12/1,63956130,total cases
2020/12/1,1481417,total deaths
2020/12/1,41046059,total recovered
2020/12/2,64603434,total cases
2020/12/2,1493824,total deaths
2020/12/2,41508985,total recovered
2020/12/3,65295914,total cases
2020/12/3,1506305,total deaths
2020/12/3,41935969,total recovered
2020/12/4,65976648,total cases
2020/12/4,1518704,total deaths
2020/12/4,42426586,total recovered
2020/12/5,66619544,total cases
2020/12/5,1528903,total deaths
2020/12/5,42862534,total recovered
2020/12/6,67158896,total cases
2020/12/6,1536100,total deaths
2020/12/6,43178578,total recovered
2020/12/7,67673996,total cases
2020/12/7,1544592,total deaths
2020/12/7,43591717,total recovered
2020/12/8,68311479,total cases
2020/12/8,1556866,total deaths
2020/12/8,44032488,total recovered
2020/12/9,68980972,total cases
2020/12/9,1569344,total deaths
2020/12/9,44458968,total recovered
2020/12/10,70475025,total cases
2020/12/10,1581982,total deaths
2020/12/10,44950194,total recovered
2020/12/11,71174074,total cases
2020/12/11,1594878,total deaths
2020/12/11,45428334,total recovered
2020/12/12,71797078,total cases
2020/12/12,1605103,total deaths
2020/12/12,46933277,total recovered
2020/12/13,72345678,total cases
2020/12/13,1612487,total deaths
2020/12/13,47328396,total recovered
2020/12/14,72870103,total cases
2020/12/14,1621452,total deaths
2020/12/14,47737930,total recovered
2020/12/15,73494536,total cases
2020/12/15,1635415,total deaths
2020/12/15,48187442,total recovered
2020/12/16,74228327,total cases
2020/12/16,1648970,total deaths
2020/12/16,48656444,total recovered
2020/12/17,74964751,total cases
2020/12/17,1662217,total deaths
2020/12/17,49115843,total recovered
2020/12/18,75682359,total cases
2020/12/18,1674862,total deaths
2020/12/18,49508080,total recovered
2020/12/19,76298735,total cases
2020/12/19,1685526,total deaths
2020/12/19,49986502,total recovered
2020/12/20,76832527,total cases
2020/12/20,1693205,total deaths
2020/12/20,50315491,total recovered
2020/12/21,77374480,total cases
2020/12/21,1702596,total deaths
2020/12/21,50767369,total recovered
2020/12/22,78020948,total cases
2020/12/22,1717055,total deaths
2020/12/22,51213767,total recovered
2020/12/23,78712545,total cases
2020/12/23,1730663,total deaths
2020/12/23,51645763,total recovered
2020/12/24,79384038,total cases
2020/12/24,1742301,total deaths
2020/12/24,52063246,total recovered
2020/12/25,79851573,total cases
2020/12/25,1750628,total deaths
2020/12/25,52379438,total recovered
2020/12/26,80364202,total cases
2020/12/26,1757722,total deaths
2020/12/26,52898934,total recovered
2020/12/27,80797122,total cases
2020/12/27,1764955,total deaths
2020/12/27,53248134,total recovered
2020/12/28,81285853,total cases
2020/12/28,1774390,total deaths
2020/12/28,53619396,total recovered
2020/12/29,81951541,total cases
2020/12/29,1789915,total deaths
2020/12/29,54071241,total recovered
2020/12/30,82708280,total cases
2020/12/30,1805008,total deaths
2020/12/30,54565046,total recovered
2020/12/31,83424446,total cases
2020/12/31,1818116,total deaths
2020/12/31,54951940,total recovered
