date,total cases and total deaths (M),Symbol
2020/1/22,555.0,total cases
2020/1/22,17.0,total deaths
2020/1/22,30.0,total recovered
2020/1/23,654.0,total cases
2020/1/23,18.0,total deaths
2020/1/23,32.0,total recovered
2020/1/24,941.0,total cases
2020/1/24,26.0,total deaths
2020/1/24,39.0,total recovered
2020/1/25,1434.0,total cases
2020/1/25,42.0,total deaths
2020/1/25,42.0,total recovered
2020/1/26,2118.0,total cases
2020/1/26,56.0,total deaths
2020/1/26,56.0,total recovered
2020/1/27,2927.0,total cases
2020/1/27,82.0,total deaths
2020/1/27,65.0,total recovered
2020/1/28,5578.0,total cases
2020/1/28,131.0,total deaths
2020/1/28,108.0,total recovered
2020/1/29,6167.0,total cases
2020/1/29,133.0,total deaths
2020/1/29,127.0,total recovered
2020/1/30,8235.0,total cases
2020/1/30,171.0,total deaths
2020/1/30,145.0,total recovered
2020/1/31,9927.0,total cases
2020/1/31,213.0,total deaths
2020/1/31,225.0,total recovered
2020/2/1,12038.0,total cases
2020/2/1,259.0,total deaths
2020/2/1,287.0,total recovered
2020/2/2,16787.0,total cases
2020/2/2,362.0,total deaths
2020/2/2,476.0,total recovered
2020/2/3,19887.0,total cases
2020/2/3,426.0,total deaths
2020/2/3,627.0,total recovered
2020/2/4,23898.0,total cases
2020/2/4,492.0,total deaths
2020/2/4,857.0,total recovered
2020/2/5,27643.0,total cases
2020/2/5,564.0,total deaths
2020/2/5,1129.0,total recovered
2020/2/6,30803.0,total cases
2020/2/6,634.0,total deaths
2020/2/6,1492.0,total recovered
2020/2/7,34396.0,total cases
2020/2/7,719.0,total deaths
2020/2/7,2016.0,total recovered
2020/2/8,37130.0,total cases
2020/2/8,806.0,total deaths
2020/2/8,2616.0,total recovered
2020/2/9,40160.0,total cases
2020/2/9,906.0,total deaths
2020/2/9,3245.0,total recovered
2020/2/10,42769.0,total cases
2020/2/10,1013.0,total deaths
2020/2/10,3947.0,total recovered
2020/2/11,44811.0,total cases
2020/2/11,1113.0,total deaths
2020/2/11,4684.0,total recovered
2020/2/12,45229.0,total cases
2020/2/12,1118.0,total deaths
2020/2/12,5151.0,total recovered
2020/2/13,60382.0,total cases
2020/2/13,1371.0,total deaths
2020/2/13,6294.0,total recovered
2020/2/14,66909.0,total cases
2020/2/14,1523.0,total deaths
2020/2/14,8057.0,total recovered
2020/2/15,69051.0,total cases
2020/2/15,1666.0,total deaths
2020/2/15,9396.0,total recovered
2020/2/16,71235.0,total cases
2020/2/16,1770.0,total deaths
2020/2/16,10866.0,total recovered
2020/2/17,73270.0,total cases
2020/2/17,1868.0,total deaths
2020/2/17,12583.0,total recovered
2020/2/18,75152.0,total cases
2020/2/18,2008.0,total deaths
2020/2/18,14352.0,total recovered
2020/2/19,75652.0,total cases
2020/2/19,2123.0,total deaths
2020/2/19,16121.0,total recovered
2020/2/20,76212.0,total cases
2020/2/20,2248.0,total deaths
2020/2/20,18179.0,total recovered
2020/2/21,76841.0,total cases
2020/2/21,2252.0,total deaths
2020/2/21,18892.0,total recovered
2020/2/22,78602.0,total cases
2020/2/22,2459.0,total deaths
2020/2/22,22889.0,total recovered
2020/2/23,78982.0,total cases
2020/2/23,2470.0,total deaths
2020/2/23,23394.0,total recovered
2020/2/24,79546.0,total cases
2020/2/24,2630.0,total deaths
2020/2/24,25227.0,total recovered
2020/2/25,80399.0,total cases
2020/2/25,2710.0,total deaths
2020/2/25,27905.0,total recovered
2020/2/26,81376.0,total cases
2020/2/26,2771.0,total deaths
2020/2/26,30386.0,total recovered
2020/2/27,82736.0,total cases
2020/2/27,2814.0,total deaths
2020/2/27,33278.0,total recovered
2020/2/28,84123.0,total cases
2020/2/28,2873.0,total deaths
2020/2/28,36710.0,total recovered
2020/2/29,86013.0,total cases
2020/2/29,2942.0,total deaths
2020/2/29,39781.0,total recovered
2020/3/1,88394.0,total cases
2020/3/1,2996.0,total deaths
2020/3/1,42717.0,total recovered
2020/3/2,90377.0,total cases
2020/3/2,3085.0,total deaths
2020/3/2,45601.0,total recovered
2020/3/3,92971.0,total cases
2020/3/3,3160.0,total deaths
2020/3/3,48227.0,total recovered
2020/3/4,95279.0,total cases
2020/3/4,3255.0,total deaths
2020/3/4,51169.0,total recovered
2020/3/5,98090.0,total cases
2020/3/5,3349.0,total deaths
2020/3/5,53795.0,total recovered
2020/3/6,102003.0,total cases
2020/3/6,3460.0,total deaths
2020/3/6,55863.0,total recovered
2020/3/7,106098.0,total cases
2020/3/7,3564.0,total deaths
2020/3/7,58357.0,total recovered
2020/3/8,110047.0,total cases
2020/3/8,3803.0,total deaths
2020/3/8,60694.0,total recovered
2020/3/9,114219.0,total cases
2020/3/9,3993.0,total deaths
2020/3/9,62493.0,total recovered
2020/3/10,119041.0,total cases
2020/3/10,4267.0,total deaths
2020/3/10,64400.0,total recovered
2020/3/11,126702.0,total cases
2020/3/11,4611.0,total deaths
2020/3/11,66998.0,total recovered
2020/3/12,132492.0,total cases
2020/3/12,4917.0,total deaths
2020/3/12,68321.0,total recovered
2020/3/13,146879.0,total cases
2020/3/13,5414.0,total deaths
2020/3/13,70248.0,total recovered
2020/3/14,157952.0,total cases
2020/3/14,5834.0,total deaths
2020/3/14,72620.0,total recovered
2020/3/15,169222.0,total cases
2020/3/15,6470.0,total deaths
2020/3/15,76031.0,total recovered
2020/3/16,184032.0,total cases
2020/3/16,7153.0,total deaths
2020/3/16,78086.0,total recovered
2020/3/17,199976.0,total cases
2020/3/17,7964.0,total deaths
2020/3/17,80830.0,total recovered
2020/3/18,219535.0,total cases
2020/3/18,8866.0,total deaths
2020/3/18,83317.0,total recovered
2020/3/19,246584.0,total cases
2020/3/19,9978.0,total deaths
2020/3/19,84958.0,total recovered
2020/3/20,277361.0,total cases
2020/3/20,11460.0,total deaths
2020/3/20,87403.0,total recovered
2020/3/21,309363.0,total cases
2020/3/21,13182.0,total deaths
2020/3/21,91650.0,total recovered
2020/3/22,344194.0,total cases
2020/3/22,14857.0,total deaths
2020/3/22,97867.0,total recovered
2020/3/23,387045.0,total cases
2020/3/23,16798.0,total deaths
2020/3/23,98335.0,total recovered
2020/3/24,428205.0,total cases
2020/3/24,19083.0,total deaths
2020/3/24,107974.0,total recovered
2020/3/25,479223.0,total cases
2020/3/25,21882.0,total deaths
2020/3/25,113753.0,total recovered
2020/3/26,542053.0,total cases
2020/3/26,24902.0,total deaths
2020/3/26,122125.0,total recovered
2020/3/27,607114.0,total cases
2020/3/27,28396.0,total deaths
2020/3/27,130910.0,total recovered
2020/3/28,674360.0,total cases
2020/3/28,32112.0,total deaths
2020/3/28,139421.0,total recovered
2020/3/29,733612.0,total cases
2020/3/29,35588.0,total deaths
2020/3/29,148877.0,total recovered
2020/3/30,798890.0,total cases
2020/3/30,39640.0,total deaths
2020/3/30,164214.0,total recovered
2020/3/31,875739.0,total cases
2020/3/31,44389.0,total deaths
2020/3/31,177804.0,total recovered
2020/4/1,958601.0,total cases
2020/4/1,50344.0,total deaths
2020/4/1,193076.0,total recovered
2020/4/2,1041662.0,total cases
2020/4/2,56197.0,total deaths
2020/4/2,210219.0,total recovered
2020/4/3,1125086.0,total cases
2020/4/3,62319.0,total deaths
2020/4/3,225641.0,total recovered
2020/4/4,1183501.0,total cases
2020/4/4,68490.0,total deaths
2020/4/4,246053.0,total recovered
2020/4/5,1256089.0,total cases
2020/4/5,73673.0,total deaths
2020/4/5,259889.0,total recovered
2020/4/6,1329228.0,total cases
2020/4/6,79599.0,total deaths
2020/4/6,276598.0,total recovered
2020/4/7,1399055.0,total cases
2020/4/7,87833.0,total deaths
2020/4/7,299860.0,total recovered
2020/4/8,1482433.0,total cases
2020/4/8,94581.0,total deaths
2020/4/8,328742.0,total recovered
2020/4/9,1569454.0,total cases
2020/4/9,102328.0,total deaths
2020/4/9,353996.0,total recovered
2020/4/10,1654968.0,total cases
2020/4/10,109717.0,total deaths
2020/4/10,375734.0,total recovered
2020/4/11,1729309.0,total cases
2020/4/11,115956.0,total deaths
2020/4/11,401984.0,total recovered
2020/4/12,1849041.0,total cases
2020/4/12,121783.0,total deaths
2020/4/12,421367.0,total recovered
2020/4/13,1919797.0,total cases
2020/4/13,127705.0,total deaths
2020/4/13,448624.0,total recovered
2020/4/14,2003732.0,total cases
2020/4/14,134675.0,total deaths
2020/4/14,473698.0,total recovered
2020/4/15,2080830.0,total cases
2020/4/15,143023.0,total deaths
2020/4/15,510237.0,total recovered
2020/4/16,2176408.0,total cases
2020/4/16,150302.0,total deaths
2020/4/16,541120.0,total recovered
2020/4/17,2264120.0,total cases
2020/4/17,158662.0,total deaths
2020/4/17,567304.0,total recovered
2020/4/18,2341473.0,total cases
2020/4/18,164686.0,total deaths
2020/4/18,591170.0,total recovered
2020/4/19,2418166.0,total cases
2020/4/19,169946.0,total deaths
2020/4/19,622953.0,total recovered
2020/4/20,2494115.0,total cases
2020/4/20,175822.0,total deaths
2020/4/20,645131.0,total recovered
2020/4/21,2569728.0,total cases
2020/4/21,183003.0,total deaths
2020/4/21,679933.0,total recovered
2020/4/22,2650749.0,total cases
2020/4/22,189721.0,total deaths
2020/4/22,710018.0,total recovered
2020/4/23,2735103.0,total cases
2020/4/23,196546.0,total deaths
2020/4/23,738748.0,total recovered
2020/4/24,2819191.0,total cases
2020/4/24,203214.0,total deaths
2020/4/24,788777.0,total recovered
2020/4/25,2901458.0,total cases
2020/4/25,208851.0,total deaths
2020/4/25,816532.0,total recovered
2020/4/26,2973163.0,total cases
2020/4/26,212802.0,total deaths
2020/4/26,845344.0,total recovered
2020/4/27,3043202.0,total cases
2020/4/27,217472.0,total deaths
2020/4/27,873228.0,total recovered
2020/4/28,3118508.0,total cases
2020/4/28,224001.0,total deaths
2020/4/28,906440.0,total recovered
2020/4/29,3195544.0,total cases
2020/4/29,230727.0,total deaths
2020/4/29,948517.0,total recovered
2020/4/30,3279073.0,total cases
2020/4/30,236716.0,total deaths
2020/4/30,1013633.0,total recovered
2020/5/1,3367339.0,total cases
2020/5/1,241871.0,total deaths
2020/5/1,1051790.0,total recovered
2020/5/2,3446630.0,total cases
2020/5/2,247384.0,total deaths
2020/5/2,1092441.0,total recovered
2020/5/3,3523175.0,total cases
2020/5/3,250868.0,total deaths
2020/5/3,1124974.0,total recovered
2020/5/4,3600779.0,total cases
2020/5/4,254974.0,total deaths
2020/5/4,1159060.0,total recovered
2020/5/5,3681127.0,total cases
2020/5/5,260846.0,total deaths
2020/5/5,1195533.0,total recovered
2020/5/6,3771007.0,total cases
2020/5/6,267394.0,total deaths
2020/5/6,1241652.0,total recovered
2020/5/7,3859785.0,total cases
2020/5/7,272685.0,total deaths
2020/5/7,1281177.0,total recovered
2020/5/8,3950120.0,total cases
2020/5/8,278158.0,total deaths
2020/5/8,1317590.0,total recovered
2020/5/9,4034910.0,total cases
2020/5/9,282439.0,total deaths
2020/5/9,1371031.0,total recovered
2020/5/10,4110202.0,total cases
2020/5/10,286043.0,total deaths
2020/5/10,1404840.0,total recovered
2020/5/11,4187133.0,total cases
2020/5/11,289506.0,total deaths
2020/5/11,1451725.0,total recovered
2020/5/12,4271251.0,total cases
2020/5/12,295031.0,total deaths
2020/5/12,1488767.0,total recovered
2020/5/13,4356139.0,total cases
2020/5/13,300101.0,total deaths
2020/5/13,1544639.0,total recovered
2020/5/14,4452527.0,total cases
2020/5/14,305291.0,total deaths
2020/5/14,1584350.0,total recovered
2020/5/15,4548277.0,total cases
2020/5/15,310409.0,total deaths
2020/5/15,1632453.0,total recovered
2020/5/16,4643002.0,total cases
2020/5/16,314683.0,total deaths
2020/5/16,1688864.0,total recovered
2020/5/17,4720844.0,total cases
2020/5/17,317880.0,total deaths
2020/5/17,1729872.0,total recovered
2020/5/18,4809885.0,total cases
2020/5/18,321581.0,total deaths
2020/5/18,1782788.0,total recovered
2020/5/19,4906666.0,total cases
2020/5/19,326272.0,total deaths
2020/5/19,1834840.0,total recovered
2020/5/20,5008397.0,total cases
2020/5/20,331032.0,total deaths
2020/5/20,1893810.0,total recovered
2020/5/21,5114997.0,total cases
2020/5/21,335751.0,total deaths
2020/5/21,1945030.0,total recovered
2020/5/22,5221533.0,total cases
2020/5/22,341018.0,total deaths
2020/5/22,2053577.0,total recovered
2020/5/23,5326614.0,total cases
2020/5/23,344986.0,total deaths
2020/5/23,2108411.0,total recovered
2020/5/24,5420782.0,total cases
2020/5/24,347995.0,total deaths
2020/5/24,2163938.0,total recovered
2020/5/25,5507621.0,total cases
2020/5/25,349194.0,total deaths
2020/5/25,2227667.0,total recovered
2020/5/26,5601251.0,total cases
2020/5/26,353374.0,total deaths
2020/5/26,2282819.0,total recovered
2020/5/27,5704043.0,total cases
2020/5/27,358437.0,total deaths
2020/5/27,2346146.0,total recovered
2020/5/28,5822948.0,total cases
2020/5/28,363053.0,total deaths
2020/5/28,2413009.0,total recovered
2020/5/29,5944039.0,total cases
2020/5/29,367647.0,total deaths
2020/5/29,2490274.0,total recovered
2020/5/30,6080995.0,total cases
2020/5/30,371709.0,total deaths
2020/5/30,2560724.0,total recovered
2020/5/31,6187617.0,total cases
2020/5/31,374692.0,total deaths
2020/5/31,2637108.0,total recovered
2020/6/1,6283302.0,total cases
2020/6/1,377777.0,total deaths
2020/6/1,2692033.0,total recovered
2020/6/2,6404720.0,total cases
2020/6/2,382489.0,total deaths
2020/6/2,2796145.0,total recovered
2020/6/3,6519015.0,total cases
2020/6/3,387924.0,total deaths
2020/6/3,2875236.0,total recovered
2020/6/4,6649743.0,total cases
2020/6/4,393050.0,total deaths
2020/6/4,2945306.0,total recovered
2020/6/5,6781099.0,total cases
2020/6/5,397602.0,total deaths
2020/6/5,3014471.0,total recovered
2020/6/6,6915223.0,total cases
2020/6/6,401455.0,total deaths
2020/6/6,3086675.0,total recovered
2020/6/7,7027195.0,total cases
2020/6/7,404207.0,total deaths
2020/6/7,3141784.0,total recovered
2020/6/8,7129785.0,total cases
2020/6/8,407895.0,total deaths
2020/6/8,3293395.0,total recovered
2020/6/9,7254563.0,total cases
2020/6/9,412720.0,total deaths
2020/6/9,3375665.0,total recovered
2020/6/10,7389458.0,total cases
2020/6/10,417778.0,total deaths
2020/6/10,3454836.0,total recovered
2020/6/11,7527334.0,total cases
2020/6/11,422455.0,total deaths
2020/6/11,3540715.0,total recovered
2020/6/12,7655982.0,total cases
2020/6/12,426668.0,total deaths
2020/6/12,3620435.0,total recovered
2020/6/13,7791149.0,total cases
2020/6/13,430856.0,total deaths
2020/6/13,3706327.0,total recovered
2020/6/14,7923625.0,total cases
2020/6/14,434273.0,total deaths
2020/6/14,3777146.0,total recovered
2020/6/15,8043069.0,total cases
2020/6/15,437692.0,total deaths
2020/6/15,3857421.0,total recovered
2020/6/16,8184990.0,total cases
2020/6/16,444413.0,total deaths
2020/6/16,3955284.0,total recovered
2020/6/17,8328152.0,total cases
2020/6/17,449506.0,total deaths
2020/6/17,4074115.0,total recovered
2020/6/18,8468486.0,total cases
2020/6/18,454471.0,total deaths
2020/6/18,4155278.0,total recovered
2020/6/19,8648275.0,total cases
2020/6/19,460619.0,total deaths
2020/6/19,4250268.0,total recovered
2020/6/20,8804913.0,total cases
2020/6/20,464821.0,total deaths
2020/6/20,4366122.0,total recovered
2020/6/21,8932952.0,total cases
2020/6/21,468831.0,total deaths
2020/6/21,4434808.0,total recovered
2020/6/22,9071294.0,total cases
2020/6/22,472390.0,total deaths
2020/6/22,4526441.0,total recovered
2020/6/23,9237176.0,total cases
2020/6/23,477609.0,total deaths
2020/6/23,4630496.0,total recovered
2020/6/24,9408237.0,total cases
2020/6/24,482785.0,total deaths
2020/6/24,4746247.0,total recovered
2020/6/25,9586818.0,total cases
2020/6/25,487479.0,total deaths
2020/6/25,4839131.0,total recovered
2020/6/26,9778118.0,total cases
2020/6/26,492189.0,total deaths
2020/6/26,4945111.0,total recovered
2020/6/27,9955755.0,total cases
2020/6/27,496669.0,total deaths
2020/6/27,5051397.0,total recovered
2020/6/28,10119217.0,total cases
2020/6/28,499818.0,total deaths
2020/6/28,5140600.0,total recovered
2020/6/29,10273694.0,total cases
2020/6/29,503548.0,total deaths
2020/6/29,5235171.0,total recovered
2020/6/30,10447667.0,total cases
2020/6/30,508481.0,total deaths
2020/6/30,5352511.0,total recovered
2020/7/1,10665134.0,total cases
2020/7/1,513409.0,total deaths
2020/7/1,5468425.0,total recovered
2020/7/2,10874057.0,total cases
2020/7/2,518475.0,total deaths
2020/7/2,5753359.0,total recovered
2020/7/3,11075680.0,total cases
2020/7/3,523410.0,total deaths
2020/7/3,5863247.0,total recovered
2020/7/4,11269688.0,total cases
2020/7/4,527795.0,total deaths
2020/7/4,6059007.0,total recovered
2020/7/5,11452930.0,total cases
2020/7/5,531278.0,total deaths
2020/7/5,6178370.0,total recovered
2020/7/6,11617428.0,total cases
2020/7/6,535115.0,total deaths
2020/7/6,6302069.0,total recovered
2020/7/7,11828845.0,total cases
2020/7/7,541122.0,total deaths
2020/7/7,6447102.0,total recovered
2020/7/8,12042625.0,total cases
2020/7/8,546420.0,total deaths
2020/7/8,6605158.0,total recovered
2020/7/9,12269629.0,total cases
2020/7/9,551800.0,total deaths
2020/7/9,6739776.0,total recovered
2020/7/10,12502211.0,total cases
2020/7/10,557086.0,total deaths
2020/7/10,6879222.0,total recovered
2020/7/11,12719735.0,total cases
2020/7/11,561896.0,total deaths
2020/7/11,7004914.0,total recovered
2020/7/12,12912321.0,total cases
2020/7/12,565887.0,total deaths
2020/7/12,7116750.0,total recovered
2020/7/13,13103178.0,total cases
2020/7/13,569780.0,total deaths
2020/7/13,7257073.0,total recovered
2020/7/14,13324911.0,total cases
2020/7/14,575359.0,total deaths
2020/7/14,7399325.0,total recovered
2020/7/15,13556384.0,total cases
2020/7/15,580768.0,total deaths
2020/7/15,7559131.0,total recovered
2020/7/16,13808502.0,total cases
2020/7/16,586540.0,total deaths
2020/7/16,7711616.0,total recovered
2020/7/17,14050878.0,total cases
2020/7/17,593183.0,total deaths
2020/7/17,7895037.0,total recovered
2020/7/18,14287228.0,total cases
2020/7/18,598802.0,total deaths
2020/7/18,8045824.0,total recovered
2020/7/19,14500967.0,total cases
2020/7/19,602877.0,total deaths
2020/7/19,8133882.0,total recovered
2020/7/20,14707359.0,total cases
2020/7/20,607073.0,total deaths
2020/7/20,8293010.0,total recovered
2020/7/21,14940469.0,total cases
2020/7/21,613242.0,total deaths
2020/7/21,8467706.0,total recovered
2020/7/22,15221747.0,total cases
2020/7/22,620161.0,total deaths
2020/7/22,8647438.0,total recovered
2020/7/23,15504677.0,total cases
2020/7/23,630062.0,total deaths
2020/7/23,8823668.0,total recovered
2020/7/24,15785888.0,total cases
2020/7/24,636115.0,total deaths
2020/7/24,9051968.0,total recovered
2020/7/25,16040277.0,total cases
2020/7/25,641645.0,total deaths
2020/7/25,9271780.0,total recovered
2020/7/26,16253250.0,total cases
2020/7/26,645339.0,total deaths
2020/7/26,9415081.0,total recovered
2020/7/27,16479069.0,total cases
2020/7/27,650519.0,total deaths
2020/7/27,9586464.0,total recovered
2020/7/28,16731027.0,total cases
2020/7/28,656806.0,total deaths
2020/7/28,9756922.0,total recovered
2020/7/29,17022514.0,total cases
2020/7/29,663393.0,total deaths
2020/7/29,9959508.0,total recovered
2020/7/30,17302946.0,total cases
2020/7/30,669427.0,total deaths
2020/7/30,10173027.0,total recovered
2020/7/31,17593931.0,total cases
2020/7/31,675634.0,total deaths
2020/7/31,10372633.0,total recovered
2020/8/1,17842857.0,total cases
2020/8/1,681100.0,total deaths
2020/8/1,10553544.0,total recovered
2020/8/2,18074408.0,total cases
2020/8/2,685412.0,total deaths
2020/8/2,10692268.0,total recovered
2020/8/3,18280103.0,total cases
2020/8/3,690075.0,total deaths
2020/8/3,10914713.0,total recovered
2020/8/4,18536427.0,total cases
2020/8/4,696677.0,total deaths
2020/8/4,11138370.0,total recovered
2020/8/5,18812950.0,total cases
2020/8/5,703683.0,total deaths
2020/8/5,11360065.0,total recovered
2020/8/6,19098152.0,total cases
2020/8/6,710145.0,total deaths
2020/8/6,11548872.0,total recovered
2020/8/7,19379581.0,total cases
2020/8/7,716440.0,total deaths
2020/8/7,11740918.0,total recovered
2020/8/8,19638069.0,total cases
2020/8/8,721870.0,total deaths
2020/8/8,11941162.0,total recovered
2020/8/9,19863462.0,total cases
2020/8/9,726447.0,total deaths
2020/8/9,12119940.0,total recovered
2020/8/10,20090473.0,total cases
2020/8/10,731706.0,total deaths
2020/8/10,12284151.0,total recovered
2020/8/11,20346972.0,total cases
2020/8/11,737916.0,total deaths
2020/8/11,12589219.0,total recovered
2020/8/12,20624230.0,total cases
2020/8/12,744515.0,total deaths
2020/8/12,12829864.0,total recovered
2020/8/13,20913936.0,total cases
2020/8/13,750724.0,total deaths
2020/8/13,12993780.0,total recovered
2020/8/14,21216955.0,total cases
2020/8/14,760852.0,total deaths
2020/8/14,13277022.0,total recovered
2020/8/15,21464275.0,total cases
2020/8/15,766240.0,total deaths
2020/8/15,13445626.0,total recovered
2020/8/16,21680469.0,total cases
2020/8/16,770458.0,total deaths
2020/8/16,13678580.0,total recovered
2020/8/17,21888348.0,total cases
2020/8/17,774602.0,total deaths
2020/8/17,13889592.0,total recovered
2020/8/18,22146490.0,total cases
2020/8/18,781489.0,total deaths
2020/8/18,14117187.0,total recovered
2020/8/19,22426342.0,total cases
2020/8/19,788193.0,total deaths
2020/8/19,14335184.0,total recovered
2020/8/20,22698858.0,total cases
2020/8/20,794239.0,total deaths
2020/8/20,14542974.0,total recovered
2020/8/21,22959904.0,total cases
2020/8/21,799675.0,total deaths
2020/8/21,14711468.0,total recovered
2020/8/22,23224361.0,total cases
2020/8/22,805248.0,total deaths
2020/8/22,14921385.0,total recovered
2020/8/23,23430769.0,total cases
2020/8/23,809114.0,total deaths
2020/8/23,15137916.0,total recovered
2020/8/24,23655997.0,total cases
2020/8/24,813597.0,total deaths
2020/8/24,15337337.0,total recovered
2020/8/25,23899722.0,total cases
2020/8/25,819861.0,total deaths
2020/8/25,15568886.0,total recovered
2020/8/26,24183850.0,total cases
2020/8/26,826152.0,total deaths
2020/8/26,15794620.0,total recovered
2020/8/27,24467592.0,total cases
2020/8/27,832035.0,total deaths
2020/8/27,16001857.0,total recovered
2020/8/28,24751260.0,total cases
2020/8/28,837541.0,total deaths
2020/8/28,16200975.0,total recovered
2020/8/29,25017791.0,total cases
2020/8/29,842810.0,total deaths
2020/8/29,16412388.0,total recovered
2020/8/30,25239068.0,total cases
2020/8/30,846844.0,total deaths
2020/8/30,16622628.0,total recovered
2020/8/31,25501715.0,total cases
2020/8/31,851062.0,total deaths
2020/8/31,16823418.0,total recovered
2020/9/1,25766467.0,total cases
2020/9/1,857499.0,total deaths
2020/9/1,17081380.0,total recovered
2020/9/2,26049992.0,total cases
2020/9/2,863577.0,total deaths
2020/9/2,17300617.0,total recovered
2020/9/3,26331039.0,total cases
2020/9/3,869282.0,total deaths
2020/9/3,17521986.0,total recovered
2020/9/4,26644864.0,total cases
2020/9/4,875156.0,total deaths
2020/9/4,17735487.0,total recovered
2020/9/5,26914845.0,total cases
2020/9/5,880106.0,total deaths
2020/9/5,17936475.0,total recovered
2020/9/6,27145595.0,total cases
2020/9/6,883895.0,total deaths
2020/9/6,18148266.0,total recovered
2020/9/7,27363369.0,total cases
2020/9/7,893253.0,total deaths
2020/9/7,18345814.0,total recovered
2020/9/8,27605220.0,total cases
2020/9/8,898164.0,total deaths
2020/9/8,18547611.0,total recovered
2020/9/9,27889943.0,total cases
2020/9/9,904263.0,total deaths
2020/9/9,18787878.0,total recovered
2020/9/10,28189890.0,total cases
2020/9/10,910065.0,total deaths
2020/9/10,19004539.0,total recovered
2020/9/11,28510977.0,total cases
2020/9/11,915946.0,total deaths
2020/9/11,19228209.0,total recovered
2020/9/12,28797456.0,total cases
2020/9/12,920846.0,total deaths
2020/9/12,19451143.0,total recovered
2020/9/13,29040262.0,total cases
2020/9/13,924517.0,total deaths
2020/9/13,19638991.0,total recovered
2020/9/14,29303533.0,total cases
2020/9/14,928933.0,total deaths
2020/9/14,19867490.0,total recovered
2020/9/15,29588876.0,total cases
2020/9/15,935455.0,total deaths
2020/9/15,20093777.0,total recovered
2020/9/16,29892950.0,total cases
2020/9/16,941261.0,total deaths
2020/9/16,20323254.0,total recovered
2020/9/17,30207772.0,total cases
2020/9/17,946732.0,total deaths
2020/9/17,20543465.0,total recovered
2020/9/18,30533416.0,total cases
2020/9/18,952422.0,total deaths
2020/9/18,20794614.0,total recovered
2020/9/19,30825596.0,total cases
2020/9/19,957683.0,total deaths
2020/9/19,21031599.0,total recovered
2020/9/20,31077672.0,total cases
2020/9/20,961408.0,total deaths
2020/9/20,21268676.0,total recovered
2020/9/21,31353490.0,total cases
2020/9/21,965503.0,total deaths
2020/9/21,21514154.0,total recovered
2020/9/22,31637545.0,total cases
2020/9/22,971459.0,total deaths
2020/9/22,21733547.0,total recovered
2020/9/23,31912900.0,total cases
2020/9/23,977093.0,total deaths
2020/9/23,21996960.0,total recovered
2020/9/24,32265204.0,total cases
2020/9/24,983764.0,total deaths
2020/9/24,22252630.0,total recovered
2020/9/25,32595593.0,total cases
2020/9/25,989651.0,total deaths
2020/9/25,22491838.0,total recovered
2020/9/26,32883719.0,total cases
2020/9/26,994981.0,total deaths
2020/9/26,22753981.0,total recovered
2020/9/27,33135284.0,total cases
2020/9/27,998642.0,total deaths
2020/9/27,22967860.0,total recovered
2020/9/28,33389254.0,total cases
2020/9/28,1002584.0,total deaths
2020/9/28,23190402.0,total recovered
2020/9/29,33671083.0,total cases
2020/9/29,1008546.0,total deaths
2020/9/29,23431686.0,total recovered
2020/9/30,33999210.0,total cases
2020/9/30,1014974.0,total deaths
2020/9/30,23679904.0,total recovered
2020/10/1,34317276.0,total cases
2020/10/1,1023674.0,total deaths
2020/10/1,23901446.0,total recovered
2020/10/2,34614672.0,total cases
2020/10/2,1028677.0,total deaths
2020/10/2,24073731.0,total recovered
2020/10/3,34946710.0,total cases
2020/10/3,1034044.0,total deaths
2020/10/3,24329332.0,total recovered
2020/10/4,35208617.0,total cases
2020/10/4,1037856.0,total deaths
2020/10/4,24551491.0,total recovered
2020/10/5,35509247.0,total cases
2020/10/5,1044776.0,total deaths
2020/10/5,24788959.0,total recovered
2020/10/6,35835120.0,total cases
2020/10/6,1050567.0,total deaths
2020/10/6,25021585.0,total recovered
2020/10/7,36185785.0,total cases
2020/10/7,1056399.0,total deaths
2020/10/7,25276776.0,total recovered
2020/10/8,36547071.0,total cases
2020/10/8,1062656.0,total deaths
2020/10/8,25496282.0,total recovered
2020/10/9,36907485.0,total cases
2020/10/9,1068813.0,total deaths
2020/10/9,25703072.0,total recovered
2020/10/10,37264050.0,total cases
2020/10/10,1073669.0,total deaths
2020/10/10,25898477.0,total recovered
2020/10/11,37551609.0,total cases
2020/10/11,1077647.0,total deaths
2020/10/11,26121117.0,total recovered
2020/10/12,37842739.0,total cases
2020/10/12,1081588.0,total deaths
2020/10/12,26321236.0,total recovered
2020/10/13,38161563.0,total cases
2020/10/13,1086862.0,total deaths
2020/10/13,26513681.0,total recovered
2020/10/14,38543448.0,total cases
2020/10/14,1092921.0,total deaths
2020/10/14,26725966.0,total recovered
2020/10/15,38950083.0,total cases
2020/10/15,1099017.0,total deaths
2020/10/15,26933293.0,total recovered
2020/10/16,39361310.0,total cases
2020/10/16,1105159.0,total deaths
2020/10/16,27136307.0,total recovered
2020/10/17,39733921.0,total cases
2020/10/17,1110742.0,total deaths
2020/10/17,27334590.0,total recovered
2020/10/18,40050552.0,total cases
2020/10/18,1114244.0,total deaths
2020/10/18,27536101.0,total recovered
2020/10/19,40436980.0,total cases
2020/10/19,1119042.0,total deaths
2020/10/19,27738632.0,total recovered
2020/10/20,40825619.0,total cases
2020/10/20,1125593.0,total deaths
2020/10/20,27950079.0,total recovered
2020/10/21,41269869.0,total cases
2020/10/21,1132261.0,total deaths
2020/10/21,28161301.0,total recovered
2020/10/22,41742073.0,total cases
2020/10/22,1138148.0,total deaths
2020/10/22,28388094.0,total recovered
2020/10/23,42238234.0,total cases
2020/10/23,1145099.0,total deaths
2020/10/23,28594828.0,total recovered
2020/10/24,42694987.0,total cases
2020/10/24,1150925.0,total deaths
2020/10/24,28806409.0,total recovered
2020/10/25,43055358.0,total cases
2020/10/25,1155065.0,total deaths
2020/10/25,29003667.0,total recovered
2020/10/26,43541356.0,total cases
2020/10/26,1160533.0,total deaths
2020/10/26,29242802.0,total recovered
2020/10/27,44010608.0,total cases
2020/10/27,1167903.0,total deaths
2020/10/27,29832507.0,total recovered
2020/10/28,44521391.0,total cases
2020/10/28,1175040.0,total deaths
2020/10/28,30098469.0,total recovered
2020/10/29,45071405.0,total cases
2020/10/29,1182095.0,total deaths
2020/10/29,30345220.0,total recovered
2020/10/30,45641595.0,total cases
2020/10/30,1189658.0,total deaths
2020/10/30,30600994.0,total recovered
2020/10/31,46117683.0,total cases
2020/10/31,1196209.0,total deaths
2020/10/31,30845323.0,total recovered
2020/11/1,46579884.0,total cases
2020/11/1,1201152.0,total deaths
2020/11/1,31103270.0,total recovered
2020/11/2,47140871.0,total cases
2020/11/2,1207222.0,total deaths
2020/11/2,31383407.0,total recovered
2020/11/3,47693426.0,total cases
2020/11/3,1216564.0,total deaths
2020/11/3,31634980.0,total recovered
2020/11/4,48203697.0,total cases
2020/11/4,1226752.0,total deaths
2020/11/4,31914299.0,total recovered
2020/11/5,48799240.0,total cases
2020/11/5,1234763.0,total deaths
2020/11/5,32217954.0,total recovered
2020/11/6,49442915.0,total cases
2020/11/6,1244381.0,total deaths
2020/11/6,32506315.0,total recovered
2020/11/7,50040908.0,total cases
2020/11/7,1251920.0,total deaths
2020/11/7,32805331.0,total recovered
2020/11/8,50520274.0,total cases
2020/11/8,1257688.0,total deaths
2020/11/8,33058571.0,total recovered
2020/11/9,51022748.0,total cases
2020/11/9,1264797.0,total deaths
2020/11/9,33315624.0,total recovered
2020/11/10,51580637.0,total cases
2020/11/10,1274783.0,total deaths
2020/11/10,33572984.0,total recovered
2020/11/11,52228245.0,total cases
2020/11/11,1285187.0,total deaths
2020/11/11,33953208.0,total recovered
2020/11/12,52875710.0,total cases
2020/11/12,1294946.0,total deaths
2020/11/12,34179447.0,total recovered
2020/11/13,53526599.0,total cases
2020/11/13,1304504.0,total deaths
2020/11/13,34481579.0,total recovered
2020/11/14,54121862.0,total cases
2020/11/14,1313512.0,total deaths
2020/11/14,34759398.0,total recovered
2020/11/15,54596104.0,total cases
2020/11/15,1319790.0,total deaths
2020/11/15,34990158.0,total recovered
2020/11/16,55127112.0,total cases
2020/11/16,1327640.0,total deaths
2020/11/16,35380888.0,total recovered
2020/11/17,55734998.0,total cases
2020/11/17,1338726.0,total deaths
2020/11/17,35814479.0,total recovered
2020/11/18,56361057.0,total cases
2020/11/18,1350039.0,total deaths
2020/11/18,36177589.0,total recovered
2020/11/19,57012958.0,total cases
2020/11/19,1360998.0,total deaths
2020/11/19,36551888.0,total recovered
2020/11/20,57680030.0,total cases
2020/11/20,1372825.0,total deaths
2020/11/20,36907312.0,total recovered
2020/11/21,58268894.0,total cases
2020/11/21,1381629.0,total deaths
2020/11/21,37246582.0,total recovered
2020/11/22,58757253.0,total cases
2020/11/22,1388685.0,total deaths
2020/11/22,37520306.0,total recovered
2020/11/23,59276210.0,total cases
2020/11/23,1397003.0,total deaths
2020/11/23,37931519.0,total recovered
2020/11/24,59865574.0,total cases
2020/11/24,1409759.0,total deaths
2020/11/24,38303698.0,total recovered
2020/11/25,60501579.0,total cases
2020/11/25,1421822.0,total deaths
2020/11/25,38741108.0,total recovered
2020/11/26,61086011.0,total cases
2020/11/26,1432564.0,total deaths
2020/11/26,39107984.0,total recovered
2020/11/27,61757100.0,total cases
2020/11/27,1443210.0,total deaths
2020/11/27,39489610.0,total recovered
2020/11/28,62355818.0,total cases
2020/11/28,1452974.0,total deaths
2020/11/28,39849316.0,total recovered
2020/11/29,62842162.0,total cases
2020/11/29,1459909.0,total deaths
2020/11/29,40167599.0,total recovered
2020/11/30,63347635.0,total cases
2020/11/30,1468577.0,total deaths
2020/11/30,40569855.0,total recovered
2020/12/1,63956130.0,total cases
2020/12/1,1481417.0,total deaths
2020/12/1,41046059.0,total recovered
2020/12/2,64603434.0,total cases
2020/12/2,1493824.0,total deaths
2020/12/2,41508985.0,total recovered
2020/12/3,65295914.0,total cases
2020/12/3,1506305.0,total deaths
2020/12/3,41935969.0,total recovered
2020/12/4,65976648.0,total cases
2020/12/4,1518704.0,total deaths
2020/12/4,42426586.0,total recovered
2020/12/5,66619544.0,total cases
2020/12/5,1528903.0,total deaths
2020/12/5,42862534.0,total recovered
2020/12/6,67158896.0,total cases
2020/12/6,1536100.0,total deaths
2020/12/6,43178578.0,total recovered
2020/12/7,67673996.0,total cases
2020/12/7,1544592.0,total deaths
2020/12/7,43591717.0,total recovered
2020/12/8,68311479.0,total cases
2020/12/8,1556866.0,total deaths
2020/12/8,44032488.0,total recovered
2020/12/9,68980972.0,total cases
2020/12/9,1569344.0,total deaths
2020/12/9,44458968.0,total recovered
2020/12/10,70475025.0,total cases
2020/12/10,1581982.0,total deaths
2020/12/10,44950194.0,total recovered
2020/12/11,71174074.0,total cases
2020/12/11,1594878.0,total deaths
2020/12/11,45428334.0,total recovered
2020/12/12,71797078.0,total cases
2020/12/12,1605103.0,total deaths
2020/12/12,46933277.0,total recovered
2020/12/13,72345678.0,total cases
2020/12/13,1612487.0,total deaths
2020/12/13,47328396.0,total recovered
2020/12/14,72870103.0,total cases
2020/12/14,1621452.0,total deaths
2020/12/14,47737930.0,total recovered
2020/12/15,73494536.0,total cases
2020/12/15,1635415.0,total deaths
2020/12/15,48187442.0,total recovered
2020/12/16,74228327.0,total cases
2020/12/16,1648970.0,total deaths
2020/12/16,48656444.0,total recovered
2020/12/17,74964751.0,total cases
2020/12/17,1662217.0,total deaths
2020/12/17,49115843.0,total recovered
2020/12/18,75682359.0,total cases
2020/12/18,1674862.0,total deaths
2020/12/18,49508080.0,total recovered
2020/12/19,76298735.0,total cases
2020/12/19,1685526.0,total deaths
2020/12/19,49986502.0,total recovered
2020/12/20,76832527.0,total cases
2020/12/20,1693205.0,total deaths
2020/12/20,50315491.0,total recovered
2020/12/21,77374480.0,total cases
2020/12/21,1702596.0,total deaths
2020/12/21,50767369.0,total recovered
2020/12/22,78020948.0,total cases
2020/12/22,1717055.0,total deaths
2020/12/22,51213767.0,total recovered
2020/12/23,78712545.0,total cases
2020/12/23,1730663.0,total deaths
2020/12/23,51645763.0,total recovered
2020/12/24,79384038.0,total cases
2020/12/24,1742301.0,total deaths
2020/12/24,52063246.0,total recovered
2020/12/25,79851573.0,total cases
2020/12/25,1750628.0,total deaths
2020/12/25,52379438.0,total recovered
2020/12/26,80364202.0,total cases
2020/12/26,1757722.0,total deaths
2020/12/26,52898934.0,total recovered
2020/12/27,80797122.0,total cases
2020/12/27,1764955.0,total deaths
2020/12/27,53248134.0,total recovered
2020/12/28,81285853.0,total cases
2020/12/28,1774390.0,total deaths
2020/12/28,53619396.0,total recovered
2020/12/29,81951541.0,total cases
2020/12/29,1789915.0,total deaths
2020/12/29,54071241.0,total recovered
2020/12/30,82708280.0,total cases
2020/12/30,1805008.0,total deaths
2020/12/30,54565046.0,total recovered
2020/12/31,83424446.0,total cases
2020/12/31,1818116.0,total deaths
2020/12/31,54951940.0,total recovered
